1,NIL,,,,,,,,,,,,PUBLISHER
2,NIL,,,,,,,,,,,,SUPPLIER
3,ALLIED,,,,HYDERABAD,,,,,,,,PUBLISHER
4,Allied Supplier,,,,,,,,,,,,SUPPLIER
5,sudhitha,,"Masijid center,",Mainroad,Kakinada,A.P,India,,0884 2368677,,,,PUBLISHER
6,Chand.S,,Daryaganj,N.Delhi,,,,,,,,,PUBLISHER
7,Jai Prakashnath,,,,Meerut,U.P,India,,,,,,PUBLISHER
8,SUDHITHA,,"Masjid center,College road",Main road,Kakinada,A.P,India,,,,,,SUPPLIER
9,TATA McGRAW HILL,,,,N.DELHI,,,,,,,,PUBLISHER
10,EMESCO,,MASTER,,VIJAWADA,A.P,`,,,,,,PUBLISHER
11,Master motivations,,Master motivations,,Hyderabad,,,,,,,,PUBLISHER
12,TECHMEDIA,,Techmedia,,N.DELHI,,,,,,,,PUBLISHER
13,BOOKS & ALLIED,,,,KOLKATA,,,,,,,,PUBLISHER
14,B.P.B.,,B.P.B.,,N.Delhi,,,,,,,,PUBLISHER
15,Messrs Kasturi & Sons LTD,,"Kasturi Buildings,859&860",,,,,,,,,,PUBLISHER
16,indian academy of sciences,,,,,,,,,,,,PUBLISHER
17,R.C.REDDY PUBLICATIONS,,"NALLAKUNTA,",NEAR APPSC,HYDERABAD,,,,,,,,PUBLISHER
18,GOYAL,,RAMANARAYANA,"807,RAJAJI STREET",MEERUT,,,,,,,,PUBLISHER
19,PRINTICE HALL OF INDIA,,M-97 CONNAUGHT CIRCUS,,N.DELHI,,,,,,,,PUBLISHER
20,PRIENTICE HALL OF INDIA,,M-97,CONNAUGHT CIRCUS,N.DELHI,,,,,,,,PUBLISHER
21,JYOTHI BOOK DEPOT,,BINAYAKA COMPLEX,DABA GARDENS,VISAKHAPATNAM,,,,,,,,SUPPLIER
22,THINK INC,,,,N.DELHI,,,,,,,,PUBLISHER
23,PRAGATHI PRAKASHAN,,,,MEERUT,,,,,,,,PUBLISHER
24,JOHN WILEY,,,,NEWYORK,,,,,,,,PUBLISHER
25,HIMALAYA PUBLISHING HOUSE,,,,HYDERABAD,,,,,,,,PUBLISHER
26,TECHNICAL,,,,GUNTUR,,,,,,,,PUBLISHER
27,S.CHAND,,,,N.DELHI,,,,,,,,PUBLISHER
28,DREAMTECH,,,,N.DELHI,,,,,,,,PUBLISHER
29,AITBS,,,,DELHI,,,,,,,,PUBLISHER
30,PEARSON,,,,N.DELHI,,,,,,,,PUBLISHER
31,VIKRAM,,,,VIJAYAWADA,,,,,,,,PUBLISHER
32,NAROSA,,,,N.DEKHI,,,,,,,,PUBLISHER
33,VIVA,,,,DELHI,,,,,,,,PUBLISHER
34,VIJAY BHAGAT,,,,PATNA,,,,,,,,PUBLISHER
35,RASTOGI,,,,MEERUT,,,,,,,,PUBLISHER
36,SARAS,,,,KANYAKUMARI,,,,,,,,PUBLISHER
37,NARALI,,,,PUNE,,,,,,,,PUBLISHER
38,MARUTHI,,,,HYDERBAD,,,,,,,,PUBLISHER
39,FREEMAN,,,,NEWYORK,,,,,,,,PUBLISHER
40,JAYASAI,,,,GUNTUR,,,,,,,,PUBLISHER
41,KALYANI,,,,HYDERABAD,,,,,,,,PUBLISHER
42,ADITYA,,,,HYDERABAD,,,,,,,,PUBLISHER
43,ARIHANT,,,,MEERUT,,,,,,,,PUBLISHER
44,ANURADHA,,,,KUMBAKONAM,,,,,,,,PUBLISHER
45,BANDLA,,,,HYDERABAD,,,,,,,,PUBLISHER
46,SUDHA,,,,N.DELHI,,,,,,,,PUBLISHER
47,VIKAS,,,,GUNTUR,,,,,,,,PUBLISHER
48,VARLEY,,,,,,,,,,,,PUBLISHER
49,APOLLO,,,,HYDERABAD,,,,,,,,PUBLISHER
50,NEW CENTRAL,,,,KOLKATA,,,,,,,,PUBLISHER
51,JOHN WILLEY,,,,SYDNEY,,,,,,,,PUBLISHER
52,ELECTRONICS FOR YOU,,,,N.DELHI,,,,,,,,PUBLISHER
53,NISCAIR,,,,N.DELHI,,,,,,,,PUBLISHER
54,MTG LEARNING,,,,,,,,,,,,PUBLISHER
55,INDIAN ACADEMY OF SCIENCE,,,,BANGALORE,,,,,,,,PUBLISHER
56,MAYAVATI,,,,CALCUTTA,,,,,,,,PUBLISHER
57,CENTRAL CHINAMAYI MISSION,,,,MUMBAI,,,,,,,,PUBLISHER
58,WORLD,,,,KOLKATA,,,,,,,,PUBLISHER
59,NEW AGE,,,,HYDERABAD,,,,,,,,PUBLISHER
60,DHANPATRAI,,,,,,,,,,,,PUBLISHER
61,DEEPTHI,,,,TENALI,,,,,,,,PUBLISHER
62,VISALANDRA,,,,HYDERABAD,,,,,,,,SUPPLIER
63,PRATHIBHA,,,,HYDERABAD,,,,,,,,PUBLISHER
64,VIKHAYT,,,,HYDERABAD,,,,,,,,PUBLISHER
65,NAVAYUGA,,,,HYDERABAD,,,,,,,,PUBLISHER
66,VISALANDRA,,,,HYDEABAD,,,,,,,,PUBLISHER
67,FOUNDATION,,,,N.DELHI,,,,,,,,PUBLISHER
68,CHURCHILL,,,,OXFORD,,,,,,,,PUBLISHER
69,JONES,,,,LONDON,,,,,,,,PUBLISHER
70,JANATHA,,,,VIJAYAWADA,,,,,,,,PUBLISHER
71,ANDHRA UNIVERSITY,,,,VISAKHAPATNAM,,,,,,,,PUBLISHER
72,J.P,,,,VIJAYAWADA,,,,,,,,PUBLISHER
73,TAGORE,,,,HYDERABAD,,,,,,,,PUBLISHER
74,ROHINI,,,,RAJAHMUNDRY,,,,,,,,PUBLISHER
75,VICTORY,,,,VIJAYAWADA,,,,,,,,PUBLISHER
76,HIMAKAR,,,,RAJAHMUNDRY,,,,,,,,PUBLISHER
77,ALAKANANDA,,,,VIJAYAWADA,,,,,,,,PUBLISHER
78,SAI SARATCHANDRA,,,,HYDERABAD,,,,,,,,PUBLISHER
79,RUSHI,,,,VIJAYAWADA,,,,,,,,PUBLISHER
80,VIJETHA COMPETITIONS,,,,HYDERABAD,,,,,,,,PUBLISHER
81,PUSTAK MAHAL,,,,N.DELHI,,,,,,,,PUBLISHER
82,SWAN,,,,AGRA,,,,,,,,PUBLISHER
83,B.P.B,,,,N.DELHI,,,,,,,,PUBLISHER
84,RAMAKRISHNAMATAM,,,,CHENNAI,,,,,,,,PUBLISHER
85,ADVITHA ASHRAM,,,,KOLKATA,,,,,,,,PUBLISHER
86,SULTAN,,,,N.DELHI,,,,,,,,PUBLISHER
87,TELUGU ACADEMI,,,,HYDERABAD,,,,,,,,PUBLISHER
88,CBS,,,,N.DELHI,,,,,,,,PUBLISHER
89,LIPPINCOTTS,,,,NEWYORK,,,,,,,,PUBLISHER
90,PANKAJ,,,,HYDERABAD,,,,,,,,PUBLISHER
91,MAC MILLAN,,,,HYDERABAD,,,,,,,,PUBLISHER
92,Mc GRAW HILL,,,,LONDON,,,,,,,,PUBLISHER
93,ORIENT LONGMAN,,,,HYDERABAD,,,,,,,,PUBLISHER
94,RUPA,,,,N.DELHI,,,,,,,,PUBLISHER
95,KRISHNA PRAKASHAN,,,,MEERUT,,,,,,,,PUBLISHER
96,GALGOTIA,,,,N.DELHI,,,,,,,,PUBLISHER
97,SURJEET,,,,DELHI,,,,,,,,PUBLISHER
98,NIRJA,,,,DELHI,,,,,,,,PUBLISHER
99,PATRIKA,,,,VIJAYAWADA,,,,,,,,PUBLISHER
100,KHANNA,,,,DELHI,,,,,,,,PUBLISHER
101,ADDISON WESLEY,,,,N.DELHI,,,,,,,,PUBLISHER
102,WORDSWORTH,,,,BRITAN,,,,,,,,PUBLISHER
103,LONGMAN,,,,CHENNAI,,,,,,,,PUBLISHER
104,OXFORD,,,,,,NEW DELHI,,,,,,PUBLISHER
105,PANIMA,,,,N.DELHI,,,,,,,,PUBLISHER
106,BHARATHI BHAVAN,,,,PATNA,,,,,,,,PUBLISHER
107,SATYA PRAKASH,,,,N.DELHI,,,,,,,,PUBLISHER
108,ASIA TECH,,,,,,NEW DELHI,,,,,,PUBLISHER
109,EDUCATIONAL,,,,,,NEW DELHI,,,,,,PUBLISHER
110,D.BOSE,,,,HYDRABAD,,,,,,,,PUBLISHER
111,CAMBRIDGE,,,,,,NEW DELHI,,,,,,PUBLISHER
112,PENRAM INTERNATIONAL,,"8 HAPPY HOUSE, G.K.ROAD,",DADAR,MUMBAI,,,,,,,,PUBLISHER
113,BOOK SYNDICATE,,,,CALCUTTA,,,,,,,,PUBLISHER
114,TECH MEDIA,,,,NEW DELHI,,,,,,,,PUBLISHER
115,HPH,,,,,,,,,,,,PUBLISHER
116,AS PRAKASHAN,,,,MEERUT,,,,,,,,PUBLISHER
117,ASPRAKASHAN,,,,MEERUIT,,,,,,,,PUBLISHER
118,BPB,,,,NEW DELHI,,,,,,,,PUBLISHER
119,A.S PRAKASHAN,,,,,,,,,,,,PUBLISHER
120,ANMOL,,,,,,,,,,,,PUBLISHER
121,SURE,,,,,,,,,,,,PUBLISHER
122,PHI,,,,,,,,,,,,PUBLISHER
123,POCKET,,,,,,,,,,,,PUBLISHER
124,SULTAN CHAND,,,,,,,,,,,,PUBLISHER
125,VERMILION,,,,LONDON,,,,,,,,PUBLISHER
126,HARPER COLLINS,,,,BSITON,,,,,,,,PUBLISHER
127,JAICO,,,,HYDERABAD,,,,,,,,PUBLISHER
128,PENGUIN,,,,NEW DELHI,,,,,,,,PUBLISHER
129,LONGMAN CORP,,,,,,,,,,,,PUBLISHER
130,EAST-WEST,,,,N.DELHI,,,,,,,,PUBLISHER
131,RAVINDRA,,,,GUNTUR,,,,,,,,PUBLISHER
132,UBS,,,,,,,,,,,,PUBLISHER
133,UBSPD,,,,NEWDELHI,,,,,,,,PUBLISHER
134,WISWA,,,,,,,,,,,,PUBLISHER
135,ABHISHEK,,,,VISAKHAPATNAM,,,,,,,,PUBLISHER
136,VISIOIN BOOKS,,,,,,,,,,,,PUBLISHER
137,MAYA PUB.PVT.LTD,,,,,,,,,,,,PUBLISHER
138,JAI PRAKASH,,,,MEEREET,,,,,,,,PUBLISHER
139,SOHINI,,,,,,,,,,,,PUBLISHER
140,JP PUBLICATIONS,,,,,,,,,,,,PUBLISHER
141,RUPA AND CO,,,,,,,,,,,,PUBLISHER
142,LAXMI,,,,NEW DELHI,,,,,,,,PUBLISHER
143,KRISHNA,,,,MEERUT,,,,,,,,PUBLISHER
144,BITZTANTRA,,,,,,,,,,,,PUBLISHER
145,JAYPEE,,,,BANGALORE,,,,,,,,PUBLISHER
146,BOOKS &ALLIED,,,,CALCUTTA,,,,,,,,PUBLISHER
147,CNTRAL,,,,CALCUTTA,,,,,,,,PUBLISHER
148,LAASYA,,,,,,,,,,,,PUBLISHER
149,SRI VENKATESWARA,,,,GUNTUR,,,,,,,,PUBLISHER
150,JANATHA PRACHURANALAYAM,,,,,,,,,,,,PUBLISHER
151,LORVEN,,,,HYDERABAD,,,,,,,,PUBLISHER
152,G.R.BATHLA,,,,,,,,,,,,PUBLISHER
153,JOHNSON,,,,HYDERABAD,,,,,,,,PUBLISHER
154,ANUCHITRA,,,,CHENNAI,,,,,,,,PUBLISHER
155,BI CHURCH,,,,NEW DELHI,,,,,,,,PUBLISHER
156,GOEL,,,,MEERUT,,,,,,,,PUBLISHER
157,HANSALA,,,,,,,,,,,,PUBLISHER
158,BENJAMAN,,,,NEWYORK,,,,,,,,PUBLISHER
159,GARLAND SCIENCE,,,,NEW YORK,,,,,,,,PUBLISHER
160,CRC,,,,NEWYORK,,,,,,,,PUBLISHER
161,ASM,,,,WASHINGTON,,,,,,,,PUBLISHER
162,JONES&BARTLETT,,,,BOSTON,,,,,,,,PUBLISHER
163,HEUCOUNT,,,,SINGAPORE,,,,,,,,PUBLISHER
164,KINGS,,,,DELHI,,,,,,,,PUBLISHER
165,AWL,,,,SYDNEY,,,,,,,,PUBLISHER
166,COMPETITION SUCCESS REVIEW,,,,MUMBAI,,,,,,,,PUBLISHER
167,HARCOURT,,,,NEWYORK,,,,,,,,PUBLISHER
168,PRAGATI,,,,HYDERABAD,,,,,,,,PUBLISHER
169,ACADEMIC,,,,LONDON,,,,,,,,PUBLISHER
170,STERLING,,,,HYDERABAD,,,,,,,,PUBLISHER
171,BUTTERWORTH,,,,OXFORD,,,,,,,,PUBLISHER
172,SRI JAYA LAKSHMI,,,,HYDERABAD,,,,,,,,PUBLISHER
173,AUTHOR PRESS,,,,,,,,,,,,PUBLISHER
174,BHARANI,,,,VIJAYAWADA,,,,,,,,PUBLISHER
175,MANASA,,,,VIJAYAWADA,,,,,,,,PUBLISHER
176,SRI VIVEKANANDA,,,,ADONI,,,,,,,,PUBLISHER
177,UMESH,,,,DELHI,,,,,,,,PUBLISHER
178,SRI RAMAKRISHNA MATAM,,,,MADRAS,,,,,,,,PUBLISHER
179,SAHITI MITRA MANDALI,,,,KADAPA,,,,,,,,PUBLISHER
180,NAVARATNA,,,,VIJAYAWADA,,,,,,,,PUBLISHER
181,MANASWINI,,,,HUDERABAD,,,,,,,,PUBLISHER
182,NAVASAHITI,,,,,,,,,,,,PUBLISHER
183,GOKUL,,,,HYDESRABAD,,,,,,,,PUBLISHER
184,NIHIL,,,,HYDERABAD,,,,,,,,PUBLISHER
185,NAVA SAHITI,,,,VIJAYAWADA,,,,,,,,PUBLISHER
186,BHASHYAM,,,,,,,,,,,,PUBLISHER
187,R.K.,,,,VIJAYAWADA,,,,,,,,PUBLISHER
188,INDIAN THOUGHT,,,,MYSORE,,,,,,,,PUBLISHER
189,SRI VAIBHAVA,,,,HYDERABAD,,,,,,,,PUBLISHER
190,TELUGU VISWA VIDYALAYAM,,,,HYDERABAD,,,,,,,,PUBLISHER
191,NAVYA PARISODHAKA,,,,TIRUPATHI,,,,,,,,PUBLISHER
192,AGROBIOS,,,,JODHPUR,,,,,,,,PUBLISHER
193,SRI PARASARVA,,,,,,,,,,,,PUBLISHER
194,RAMESH,,,,NEW DELHI,,,,,,,,PUBLISHER
195,KEDARNATH,,,,MEERUT,,,,,,,,PUBLISHER
196,"MEERUT,",,,,VARUN,,,,,,,,PUBLISHER
197,GOOD WILL,,,,NEW DELHI,,,,,,,,PUBLISHER
198,UNIVERSITY PRESS,,,,HYDERBAD,,,,,,,,PUBLISHER
199,PRAKASH,,,,NEW DELHI,,,,,,,,PUBLISHER
200,WCB,,,,LONDON,,,,,,,,PUBLISHER
201,MOSBY,,,,BOSTON,,,,,,,,PUBLISHER
202,VASAN,,,,BANGALORE,,,,,,,,PUBLISHER
203,BLACKWELL,,,,LONDON,,,,,,,,PUBLISHER
204,WAYLAND,,,,ENGLAND,,,,,,,,PUBLISHER
205,BAPPICO,,,,CALCUTTA,,,,,,,,PUBLISHER
206,SAUNDER S,,,,NEWYORK,,,,,,,,PUBLISHER
207,GOLLAPUDI,,,,RAJAHMUNDRY,,,,,,,,PUBLISHER
208,GUNTUR,,,,RAJAHMUNDRY,,,,,,,,PUBLISHER
209,WILLEY EASTERN,,,,NEW DELHI,,INDIA,,,,,,PUBLISHER
210,SURAS,,,,MADRAS,TAMIL NADU,INDIA,,,,,,PUBLISHER
211,FAWCETT,,,,NEWYORK,,,,,,,,PUBLISHER
212,PARRAGON,,,,,,,,,,,,PUBLISHER
213,BUFFALO,,,,NEW DELHI,,,,,,,,PUBLISHER
214,JAWARLAL NEHRU,,,,NEW DELHI,,,,,,,,PUBLISHER
215,MASTERMIND,,,,BANGALORE,,,,,,,,PUBLISHER
216,KIRAN,,,,VIJAYAWADA,ANDHRA PRADESH,INDIA,,,,,,PUBLISHER
217,INDIA INK,,,,NEW DELHI,,,,,,,,PUBLISHER
218,SILVER DALE,,,,,,,,,,,,PUBLISHER
219,DOCKLANDS,,,,LONDON,,,,,,,,PUBLISHER
220,BLOOMSBURRY,,,,LONDON,,,,,,,,PUBLISHER
221,THOMSON,,,,,,,,,,,,PUBLISHER
222,TMH,,,,NEW DELHI,,INDIA,,,,,,PUBLISHER
223,SAISIVA,,,,HYDERABAD,,,,,,,,PUBLISHER
224,XEROX,,,,ADITYA,,,,,,,,SUPPLIER
225,WH FREEMAN,,,,NEW YORK,,,,,,,,PUBLISHER
226,SURA,,,,CHENNAI,,,,,,,,PUBLISHER
227,CORNER STONE,,,,KHARGPUR,,,,,,,,PUBLISHER
228,RESPONSE,,,,N.DELHI,,,,,,,,PUBLISHER
229,BIOS,,,,,,,,,,,,PUBLISHER
230,BROOKS KOLRE,,,,,,AUSTRALIA,,,,,,PUBLISHER
231,VGS,,,,VIJAYAWADA,,,,,,,,PUBLISHER
232,SNOW WHITE,,,,MUMBAI,,,,,,,,PUBLISHER
233,JHONSON,,,,HYDERABAD,,,,,,,,PUBLISHER
234,TAXMAN,,,,NEW DELHI,,,,,,,,PUBLISHER
235,VIGNANAPRATIBHA,,,,VIJAYAWADA,,,,,,,,PUBLISHER
236,SRISHTI,,,,NOIDA,,,,,,,,PUBLISHER
237,VINTAGE,,,,,,GREATBRITAN,,,,,,PUBLISHER
238,MASTER,,,,HYDERABAD,,,,,,,,PUBLISHER
239,C.S.R,,,,NEW DELHI,,INDIA,,,,,,PUBLISHER
240,RAMSHA SIRISHA,,,,SAMALKOTA,,,,,,,,PUBLISHER
241,VENKATESWRA,,,,HYDERABAD,,,,,,,,PUBLISHER
242,VENKATESWRA,,,,HYDERABAD,,,,,,,,PUBLISHER
243,VENKATESWARA,,,,,,,,,,,,SUPPLIER
244,PES,,,,NEW DELHI,,,,,,,,PUBLISHER
245,FOREST PRESS,,,,NEW YORK,,USA,,,,,,PUBLISHER
246,MEDIA,,,,HYDERABAD,,,,,,,,PUBLISHER
247,JIDDU KRISHNA MURHTY FOUNDATION,,,,CHENNAI,,,,,,,,PUBLISHER
248,SAIRAM,,,,HYDERABAD,,,,,,,,PUBLISHER
249,J.P. ACADEMIC SERIES,,,,VIJAYAWADA,,,,,,,,PUBLISHER
250,PALLAVI,,,,VIJAYAWADA,,,,,,,,PUBLISHER
251,A.C.N.,,,,NEW DELHI,,,,,,,,PUBLISHER
252,NEELKAMAL,,,,,,,,,,,,PUBLISHER
253,A.S.PRAKASHAN,,,,MEERUT,,,,,,,,PUBLISHER
254,BHARGAVA,,,,VARANASI,,,,,,,,PUBLISHER
255,ASHOK,,,,DELHI,,,,,,,,PUBLISHER
256,SUMITRA,,,,ALLAHABAD,,,,,,,,PUBLISHER
257,PRABHAT,,,,NEW DELHI,,,,,,,,PUBLISHER
258,KAUSHAL,,,,KAKINADA,,,,,,,,PUBLISHER
259,ARUNASRI,,,,AMALAPURAM,,,,,,,,PUBLISHER
260,ENVIRONMENTAL PROTECTION,,,,KAKINADA,,,,,,,,PUBLISHER
261,PALGRAVE,,,,NEWYORK,,,,,,,,PUBLISHER
262,G.K,,,,NOIDA,,,,,,,,PUBLISHER
263,EWP,,,,NEW DELHI,,,,,,,,PUBLISHER
264,APPLIED SCIENCE,,,,LONDON,,,,,,,,PUBLISHER
265,JAI SAI,,,,GUNTUR,,,,,,,,PUBLISHER
266,LAKSHMI,,,,NEW DELHI,,,,,,,,PUBLISHER
267,RAJHANS,,,,MEERUT,,,,,,,,PUBLISHER
268,PARAS,,,,,,,,,,,,PUBLISHER
269,COST & WORKS,,,,KOLKATA,,,,,,,,PUBLISHER
270,I.C.A.,,,,NOIDA,,,,,,,,PUBLISHER
271,ICAI,,,,NEW DELHI,,,,,,,,PUBLISHER
272,MACMILLAN,,,,HYDERABAD,,,,,,,,PUBLISHER
273,MKU,,,,,,,,,,,,PUBLISHER
274,SARVANI,,,,VISAKHAPATNAM,,,,,,,,PUBLISHER
275,J.S.P,,,,GUNTUR,,,,,,,,PUBLISHER
276,KORGAN,,,,NEW DELHI,,,,,,,,PUBLISHER
277,CENTRE FOR DISTANCE EDUCATION,,,,GUNTUR,,,,,,,,PUBLISHER
278,NAGARJUNA,,,,GUNTUR,,,,,,,,PUBLISHER
279,BOOKPALACE,,,,NEW DELHI,,,,,,,,PUBLISHER
280,FALCON,,,,HYDERABAD,,,,,,,,PUBLISHER
281,DORES,,,,NEWYORK,,,,,,,,PUBLISHER
282,MSTS,,,,NEWDELHI,,,,,,,,PUBLISHER
283,SHROFF,,,,CALCUTTA,WEST BENGAL,INDIA,,,,,,PUBLISHER
284,COMDEX,,,,NEW DELHI,,INDIA,,,,,,PUBLISHER
285,WHEELER,,,,NEW DELHI,,INDIA,,,,,,PUBLISHER
286,SPECTRUM,,,,HYDERABAD,,,,,,,,PUBLISHER
287,RANDOMHOUSE,,,,NEWYORK,,,,,,,,PUBLISHER
288,MS PRESS,,,,,,,,,,,,PUBLISHER
289,EXCEL BOOKS,,,,,,,,,,,,PUBLISHER
290,OREILLY,,,,MUMBAI,,,,,,,,PUBLISHER
291,SPRINGER,,,,,,,,,,,,PUBLISHER
292,MORGAN,,,,,,,,,,,,PUBLISHER
293,KONARK,,,,DELHI,,,,,,,,PUBLISHER
294,S.K. KATARIA & SONS,,,,NEW DELHI,,,,,,,,PUBLISHER
295,POPULAR BOOK STORES,,,,,,,,,,,,PUBLISHER
296,CHAITANYA,,,,ALLAHABAD,,,,,,,,PUBLISHER
297,M.T.G.LEARNING,,"406,TAJ APARTMENTS,RING ROAD.",,N.DELHI,U.P,INDIA,,,,,,PUBLISHER
298,INDIA TODAY,,"6-3-885/7/B, SOMAJIGUDA",,HYDERABAD,A.P,,,040-23400479,040-23403484,,,PUBLISHER
299,INFO MEDIA,,"AB-10, S.J.ENCLAVE",,N.DELHI,,,,26191421,26191420,,,PUBLISHER
300,MAMMEN MATHEW,,"MANORAMA BUILDINGS,",PANAMPILLY NAGAR,KOCHI,,,,,,,,PUBLISHER
301,N.RAM,,"NATIONAL PRESS,KASTURI BUILDINGS 859,860",ANNA SALAI,CHENNAI,,,,,,,,PUBLISHER
302,GHANSHYAM GOEL,,"EMPLOYMENT NEWS, EAST BLOCK-IV","LEVEL-5, R.K.PURAM",N.DELHI,,,,,,,,PUBLISHER
303,S.V.SURESH,,"71,S.R.T VIDYA NAGAR",,HYDERABAD,A.P,,,,,,,PUBLISHER
304,BANDLA LAVANYA,,"2-2-1133/7/1,",NEW NALLAKUNTA,HYDERABAD,,,,,,,,PUBLISHER
305,RATNA PRINTING WORKS,,"51-3-61, RAMARAO PETA",,PALAKOL,A.P,,,,,,,PUBLISHER
306,NISCAR,,"CSIR,Dr.K.S.KRISHNA MARG",,N.DELHI,,,,,,,,PUBLISHER
307,ANOOP GOAL,,IQ TECH MEDIA Pvt.Ltd,"3 rd FLOOR, JHALAWAR",MUMBAI,,,,,,,,PUBLISHER
308,MAKER,,"26, MAKER CHAMBERS ,V1","2nd FLOOR, NARIMAN POINT",MUMBAI,,,,,,,,PUBLISHER
309,JASUBHAI DIGITAL MEDIA Pvt.Ltd,,"26,MAKER CHAMBERS VI, 2nd FLOOR ,",NARIMAN POINT,MUMBAI,,,,,,,,PUBLISHER
310,SRI VIKAS PUBLICATIONS,,,,GUNTUR,,,,,,,,PUBLISHER
311,S.VISWANATHAM PVT.LTD.,,,,MADRAS,,,,,,,,PUBLISHER
312,TAYLOR & FRANCIS LTD.,,,,LONDON,,,,,,,,PUBLISHER
313,ANE BOOKS,,,,NEW DELHI,,,,,,,,PUBLISHER
314,ACADEMIC PRESS,,,,CALIFORNIA,,,,,,,,PUBLISHER
315,GOLDEN BELLS,,,,BANGALORE,,,,,,,,PUBLISHER
316,I.K. INTERNATIONAL,,,,NEW DELHI,,,,,,,,PUBLISHER
317,TONIC,,,,MARKAPUR,,,,,,,,PUBLISHER
318,B.S.,,HYDERABAD,,,,,,,,,,PUBLISHER
319,JUNIOR SCIENCE REFRESHER,,"2769, DARYA GANG",,NEW DELHI,,,,,,,,PUBLISHER
320,ENVIORNMENT,,,,,,,,,,,,PUBLISHER
321,BANKING SERVICE CHRONICLE,,,,,,,,,,,,PUBLISHER
322,COMPETITIONS SUCCESS REVIEW,,"18 NAWAB BUILDINGS,327",Dr.D.N.ROAD,MUMBAI,,,,,,,,PUBLISHER
323,KIRAN PRAKASHAN Ltd,,"RU-67,PITAMPURA;DELHI",,,,,,,,,,PUBLISHER
324,BRITANICA,,,,N.DELHI,,,,,,,,PUBLISHER
325,HAND DELIVARY,,,,,,,,,,,,SUPPLIER
326,ARCHANA MISHRA,,"DAINIK BHASKAR, M.P. PRINTERS, B-220, PHASE 220,",,NOIDA,UTTAR PRADESH,,,,,,,PUBLISHER
327,ENCYCLOPEDIA,,,,,,,,,,,,PUBLISHER
328,ORIENT BLACK SWAN,,,,,,,,,,,,PUBLISHER
329,NAVNEET,,,,,,,,,,,,PUBLISHER
330,GOYAL BROS,,,,,,,,,,,,PUBLISHER
331,EZ VIDYA LTD,,,,,,,,,,,,PUBLISHER
332,HOLYFAITH,,,,,,,,,,,,PUBLISHER
333,EVERGREEN PUB,,,,,,,,,,,,PUBLISHER
334,OXFORD UNI,,,,,,,,,,,,PUBLISHER
335,VIVA EDUCATION,,,,,,,,,,,,PUBLISHER
336,KRITI PRAKASHAN,,,,,,,,,,,,PUBLISHER
337,CORDOVA,,,,,,,,,,,,PUBLISHER
338,SHIRIDI BOOK,,,,,,,,,,,,PUBLISHER
339,AVANT PUB,,,,,,,,,,,,PUBLISHER
340,COLLINS INDIA,,,,,,,,,,,,PUBLISHER
341,ARROW PUB,,,,,,,,,,,,PUBLISHER
344,ENVIRONMENTAL STUDIES,,,,,,,,,,,,PUBLISHER
345,ALLIED PUB,,,,,,,,,,,,PUBLISHER
346,RATNA SAGAR,,,,,,,,,,,,PUBLISHER
347,MAXMULLER GLOBAL,,,,,,,,,,,,PUBLISHER
348,SUDITHA,,,,,,,,,,,,SUPPLIER
349,SRIJAN,,,,,,,,,,,,PUBLISHER
350,EVER GREEN,,,,,,,,,,,,PUBLISHER
351,GOVT.OF APs,,,,,,,,,,,,PUBLISHER
352,HARPPER COLLINS,,,,,,,,,,,,PUBLISHER
353,APPLE,,,,,,,,,,,,PUBLISHER
354,TECHNO SERIES,,,,,,,,,,,,PUBLISHER
355,GOVINDA AHUJA,,,,,,,,,,,,PUBLISHER
356,ALOKE KASHYEB,,,,,,,,,,,,PUBLISHER
357,SRIJAN PUB,,,,,,,,,,,,PUBLISHER
358,APPLE BOOK COMPANY,,,,,,,,,,,,PUBLISHER
359,XSEED EDU,,,,,,,,,,,,PUBLISHER
360,I.DISCOVERI EDU,,,,,,,,,,,,PUBLISHER
361,INSPIRATION PUB,,,,,,,,,,,,PUBLISHER
362,MADHUBUN EDU,,,,,,,,,,,,PUBLISHER
363,PEARSON EDU,,,,,,,,,,,,PUBLISHER
364,VIKAS PUBS,,,,,,,,,,,,PUBLISHER
365,VIKAS PUB,,,,,,,,,,,,PUBLISHER
366,I DISCOVERS,,,,,,,,,,,,PUBLISHER
367,E.LEARNING,,,,,,,,,,,,PUBLISHER
368,SCHOLASTIC,,,,,,,,,,,,PUBLISHER
369,PRISM,,,,,,,,,,,,PUBLISHER
370,JEEVANDEEP,,,,,,,,,,,,PUBLISHER
371,GOYAL BROTHERS,,,,,,,,,,,,PUBLISHER
372,SAPPHIRE PUB,,,,,,,,,,,,PUBLISHER
373,MAC MILLIAN,,,,,,,,,,,,PUBLISHER
374,OXFORD UNIVERSITY,,,,,,,,,,,,PUBLISHER
375,ORANGE EDU,,,,,,,,,,,,PUBLISHER
376,FK PUB,,,,,,,,,,,,PUBLISHER
377,A E LEARNING EXPRESS,,,,,,,,,,,,PUBLISHER
378,REEM,,,,,,,,,,,,PUBLISHER
379,VIKRANTH,,,,,,,,,,,,PUBLISHER
380,MAX MULLAR,,,,,,,,,,,,PUBLISHER
381,ASIA BOOK,,,,,,,,,,,,PUBLISHER
382,FRANK BROS,,,,,,,,,,,,PUBLISHER
383,VIJAYA VANI,,,,,,,,,,,,PUBLISHER
384,LANDMARK,,,,,,,,,,,,PUBLISHER
385,ARKBIRD,,,,,,,,,,,,PUBLISHER
386,DISCOVERY,,,,,,,,,,,,PUBLISHER
387,JOLLY LEARNING,,,,,,,,,,,,PUBLISHER
388,NAVNEET PUB,,,,,,,,,,,,PUBLISHER
389,SUBHAS PUB,,,,,,,,,,,,PUBLISHER
390,VIKRAM SERIES,,,,,,,,,,,,PUBLISHER
391,SHRIDI BOOKS,,,,,,,,,,,,PUBLISHER
392,SHIRIDI BOOKS,,,,,,,,,,,,PUBLISHER
393,BLACK STONE BOOK,,,,,,,,,,,,PUBLISHER
394,KIPS PUB,,,,,,,,,,,,PUBLISHER
395,EDEN PUB,,,,,,,,,,,,PUBLISHER
396,JEEVANDEEP PRAKASHAN,,,,,,,,,,,,PUBLISHER
397,THE BRITANNICA,,,,,,,,,,,,PUBLISHER
398,TATA MC GRAW HILL,,,,,,,,,,,,PUBLISHER
399,Ez VIDHYA,,,,,,,,,,,,PUBLISHER
400,MADHUBUSHAN,,,,,,,,,,,,PUBLISHER
